<?xml version="1.0" encoding="UTF-8" standalone="yes"?>
<addon id="plugin.video.floptv"
       name="FlopTV"
       version="1.0.1"
       provider-name="Nightflyer">
  <requires>
    <import addon="xbmc.python" version="1.0"/>
  </requires>
  <extension point="xbmc.python.pluginsource"
            library="default.py">
        <provides>video</provides>
  </extension>
  <extension point="xbmc.addon.metadata">
    <platform>all</platform>
    <summary>Video comici, surreali e umoristici</summary>
    <description>La web tv di ultima generazione dedicata alla comicità, al surreale e all'umorismo. FlopTV è una creazione di FoxFactory e del dipartimento New Media di Fox Channels Italy. FlopTV intende essere luogo di sperimentazione di formati e linguaggi, oltre che palestra per talenti e autori comici.</description>
  </extension>
</addon>

